real,previsto,erro_abs,erro_rel_percent
2846.98,1973.94,873.04004,30.665478
3130.36,2396.71,733.65015,23.436605
3412.68,2688.93,723.75,21.207672
3558.55,2836.63,721.92017,20.286919
3861.3,3221.31,639.99,16.574469
2306.99,1674.03,632.95996,27.436615
2497.38,3126.81,629.4302,25.20362
1864.0,1265.1678,598.83215,32.12619
3272.68,2682.1733,590.5066,18.043518
2730.56,2142.7283,587.8318,21.527884
